{"name":"1342c309-4b33-4fe3-b015-32507ac11d86","id":"/providers/Microsoft.Flow/flows/1342c309-4b33-4fe3-b015-32507ac11d86","type":"Microsoft.Flow/flows","properties":{"apiId":"/providers/Microsoft.PowerApps/apis/shared_logicflows","displayName":"UTC Time to Unix Time Conversion","definition":{"metadata":{"workflowEntityId":null,"processAdvisorMetadata":null,"flowclientsuspensionreason":"None","flowclientsuspensiontime":null,"creator":{"id":"ba89e212-7a15-4700-be24-80b235b8a34e","type":"User","tenantId":"d385d258-8d5f-4ce2-a3ab-fe195a87c812"},"provisioningMethod":"FromDefinition","failureAlertSubscription":true,"clientLastModifiedTime":"2022-02-02T14:42:23.9983363Z"},"$schema":"https://schema.management.azure.com/providers/Microsoft.Logic/schemas/2016-06-01/workflowdefinition.json#","contentVersion":"1.0.0.0","parameters":{"$authentication":{"defaultValue":{},"type":"SecureObject"}},"triggers":{"manual":{"metadata":{"operationMetadataId":"3ea4d293-66c8-4cbb-afe4-7297ea3b7e8d"},"type":"Request","kind":"Button","inputs":{"schema":{"type":"object","properties":{"text":{"title":"Timestamp to convert","type":"string","x-ms-dynamically-added":true,"description":"Please enter a timestamp in the format yyyy-MM-ddZHH:mm:ss","x-ms-content-hint":"TEXT"}},"required":["text"]}}}},"actions":{"UTC_to_Unix_Time_Conversion":{"runAfter":{},"metadata":{"operationMetadataId":"834ea9d9-6754-41d9-b5f8-1415b47d1c29"},"type":"Compose","inputs":"@div(sub(ticks(triggerBody()['text']),ticks('1970-01-01Z00:00:00')),10000000)","description":"div(sub(ticks(triggerBody()['text']),ticks('1970-01-01Z00:00:00')),10000000)"}}},"connectionReferences":{},"flowFailureAlertSubscribed":false}}